date,open,high,low,close,adj_close,volume,daily_return,log_return,volatility_5d,ma_5,ma_20,ma_spread,vol_mean_5,hl_spread,co_diff,rsi,momentum_5,log_volume,rsi_ma5
2025-02-24,0.28201620635171887,0.23506301431595134,0.29143281574746727,0.2730284834072907,0.27155377402215297,0.30997313740271604,0.0,0.0,0.0,0.2730284834072907,0.2730284834072907,0.0,0.30997313740271604,-0.05636980143151593,-0.008987722944428178,50.0,0.0,0.27000663120336005,
2025-02-25,0.2457548677297665,0.1960517474057979,0.27743038458408265,0.23934168460116334,0.23804887387236073,0.3724833568690741,-0.1233819943828901,-0.1316839509196366,0.0,0.23934168460116334,0.23934168460116334,0.0,0.3724833568690741,-0.08137863717828475,-0.006413183128603173,50.0,0.0,0.3166217681852753,
2025-02-26,0.2306337681111803,0.20484890227327757,0.2643364184719488,0.24944780850845127,0.24810039429580888,0.16504889417410784,0.042224671076952935,0.04135753532654971,0.0,0.24944780850845127,0.24944780850845127,0.0,0.16504889417410784,-0.05948751619867121,0.01881404039727097,50.0,0.0,0.15276305538514076,
2025-02-27,0.24658669024243807,0.21605476768240095,0.2532200356177019,0.20968631343713762,0.2085537673050184,0.19708015246912924,-0.15939805328041812,-0.17363704054468282,0.0,0.20968631343713762,0.20968631343713762,0.0,0.19708015246912924,-0.03716526793530095,-0.03690037680530045,50.0,0.0,0.179885385461132,
2025-02-28,0.2044531625682855,0.17358744140223914,0.22329108671829045,0.23431626171500453,0.23305065391306723,0.44592123844005815,0.11746092472196934,0.1110590802024878,0.1153043784897443,0.2411641103338095,0.23431626171500453,0.006847848618804969,0.29810135587101705,-0.049703645316051315,0.02986309914671903,50.0,0.0,0.2609027014205549,50.0
2025-03-03,0.23459754425684065,0.17981879938411938,0.22109984291872697,0.18737568739540578,0.18636354476634454,0.23700880201310215,-0.20032998980110006,-0.22355612366185265,0.13731558408640854,0.2240335511314325,0.18737568739540578,0.036657863736026725,0.28350848879309426,-0.0412810435346076,-0.047221856861434874,50.0,-0.08565279601188491,0.24959733509222354,50.0
2025-03-04,0.1591386978169511,0.14714340161448947,0.19352246477496093,0.1880383508914445,0.1870226636126091,0.3715383880318104,0.003536550046860487,0.0035303111588430923,0.13547087283244924,0.21377288438948874,0.1880383508914445,0.02573453349804425,0.2833194950256416,-0.04637906316047147,0.02889965307449338,50.0,-0.051303333709718846,0.2494500764765424,50.0
2025-03-05,0.1882064891116373,0.19474264127183982,0.2352626010381944,0.2565716096217665,0.25518579594688084,0.246042279392247,0.3644642617073717,0.31076186932993793,0.22859452418913923,0.2151976446121518,0.2565716096217665,-0.04137396500961471,0.2995181720692694,-0.040519959766354585,0.06836512051012922,50.0,0.007123801113315231,0.2619935588948773,50.0
2025-03-06,0.21238071485960552,0.19725602277512255,0.25594559387110705,0.23376415448890508,0.23250152814815284,0.24331354915430597,-0.08889313656520215,-0.09309508516063796,0.2162035789523436,0.22001321282250527,0.23376415448890508,-0.013750941666399813,0.3087648514063047,-0.058689571095984494,0.02138343962929956,50.0,0.024077841051767468,0.2690838309176353,50.0
2025-03-07,0.20278936820317406,0.15876827047615727,0.21778631042658558,0.2139937946922883,0.21283795584155607,0.21633415796906025,-0.08457395805546886,-0.08836570246228032,0.21681030580673677,0.21594871941796204,0.2139937946922883,0.00195492472567374,0.26284743531210514,-0.059018039950428314,0.011204426489114239,50.0,-0.02032246702271623,0.2333690405946413,50.0
2025-03-10,0.1710790096981245,0.11478233633576496,0.17332045281029673,0.1413739987157947,0.1406104532050807,0.4458023210133464,-0.33935468119959744,-0.4145381658952895,0.2543955712483899,0.20674838168203982,0.1413739987157947,0.06537438296624512,0.304606139112154,-0.058538116474531776,-0.029705010982329805,50.0,-0.046001688679611075,0.265901186111661,50.0
2025-03-11,0.1376070392793458,0.11268779848203136,0.17166368656422604,0.14297554785182154,0.14220325378006748,0.3935657178046994,0.011328456085099914,0.011264769654413464,0.25466815819415994,0.19773582107411522,0.14297554785182154,0.05476027322229368,0.3090116050667318,-0.05897588808219467,0.0053685085724757275,50.0,-0.045062803039622956,0.2692723524856614,50.0
2025-03-12,0.1569366829247898,0.10860339373620187,0.18256640887679687,0.158548645601428,0.157692294774741,0.26346580593100666,0.10892140637744774,0.10338783694568167,0.16687271272941318,0.17813122827004751,0.158548645601428,0.019582582668619508,0.3124963103744837,-0.073963015140595,0.0016119626766382122,50.0,-0.0980229640203385,0.27193090433644,50.0
2025-03-13,0.15796428987446487,0.10912706815038442,0.17454973487336423,0.133697753314582,0.13297558993235858,0.18318380174766147,-0.15673985856251416,-0.17047977850435278,0.17064354662828632,0.15811794803518292,0.133697753314582,0.02442019472060092,0.3004703608931548,-0.0654226667229798,-0.024266536559882868,31.74119820260337,-0.10006640117432308,0.26272601509949794,46.348239640520674
2025-03-14,0.1414240144321952,0.13483793179767956,0.18555928745677264,0.187762297278395,0.1867481007301528,0.17213722221632355,0.40437885172687005,0.3395951066163533,0.2806602062551275,0.15287164855240426,0.187762297278395,-0.034890648725990736,0.2916309737426075,-0.05072135565909308,0.046338282846199785,40.212980802711314,-0.0262314974138933,0.25590574052386617,44.39083580106294
2025-03-17,0.17528755372498206,0.14782416237262685,0.2179466373826684,0.188535517044373,0.18751721265776844,0.22568191711880065,0.004118077895220562,0.004109621819680807,0.20761802216961817,0.1623039522181199,0.188535517044373,-0.02623156482625308,0.24760689296369837,-0.07012247501004154,0.013247963319390932,43.6917306669379,0.04716151832857829,0.22122723071516667,43.129181934450514
2025-03-18,0.17709814908290467,0.1198616745276424,0.19405694232845327,0.1599292507284753,0.1590654450437623,0.16224371701899493,-0.15172879234826098,-0.16455487397782667,0.23144119262063856,0.16569469279345067,0.1599292507284753,0.005765442064975368,0.20134249280655742,-0.07419526780081087,-0.017168898354429363,39.373267456674434,0.016953702876653765,0.18343967547168863,41.003835425785404
2025-03-19,0.16956201632582335,0.13195780242117516,0.20955581278182622,0.18367576003222386,0.18268373042794872,0.15584341123132628,0.14848133906451477,0.1384404949214267,0.23495931882143192,0.17072011567960982,0.18367576003222386,-0.012955644352614037,0.17981801386662138,-0.07759801036065106,0.014113743706400506,46.79024818764252,0.02512711443079585,0.16536020104683088,40.361885063313906
2025-03-20,0.17058962327549887,0.14300674128933855,0.2057078027361925,0.17826372726307538,0.17730078657647796,0.14066020407079832,-0.029465144274884114,-0.029907961793777638,0.21285732936030743,0.1796333104693085,0.17826372726307538,0.0013695832062331215,0.17131329433124876,-0.06270106144685395,0.007674103987576508,42.738598270773586,0.044565973948493376,0.15812559309437796,42.56136507694795
2025-03-21,0.15825789186008654,0.14274482418074985,0.20314240833922037,0.2026729000628622,0.2015781908069294,0.5909622755699011,0.13692731086994847,0.12832928209145825,0.12485529374289607,0.18261543102620195,0.19814997733259443,-0.015534546306392477,0.25507830500196427,-0.06039758415847052,0.04441500820277566,52.10455634779897,0.014910602784467208,0.227197965061172,44.939680185965486
2025-03-24,0.21786148437756658,0.16191015715825507,0.24060705037381647,0.21272357730428126,0.21157463072551774,0.19447033965790006,0.04959063218763671,0.048400214041750045,0.12491360174839562,0.1874530430781836,0.19513473202744397,-0.007681688949260357,0.2488359895097841,-0.07869689321556139,-0.005137907073285319,53.31061957743735,0.024188060259908273,0.22221190907814853,46.86345796806537
2025-03-25,0.21061910294587616,0.16693707996781537,0.2557319333294301,0.22421030633861605,0.22299930141798718,0.08342057483834664,0.05399838221930664,0.05259091522169912,0.07277760769220414,0.20030925420021176,0.1943781631143166,0.0059310910858951515,0.23307136107365448,-0.08879485336161475,0.013591203392739892,44.8758483323691,0.06428105561014075,0.2095080984796026,47.963974143204304
2025-03-26,0.21590408802683325,0.16143889812638967,0.23397998538953368,0.19554893041864796,0.19449278915585744,0.09050040877865434,-0.12783255323099174,-0.1367738473965632,0.0999355203821733,0.20268388827749656,0.19168321920982642,0.011000669067670138,0.22000276058312013,-0.07254108726314401,-0.020355157608185293,44.05906274906194,0.011873170386424103,0.19885312151565437,47.41773705548819
2025-03-27,0.19207244770867993,0.145363036448666,0.22772690790300976,0.19891752603381097,0.19784312803530524,0.040775936209294705,0.01722635663591321,0.017079665197420265,0.09667823600328071,0.20681464803164368,0.1911447798396601,0.01566986819198357,0.20002590701081938,-0.08236387145434376,0.006845078325131038,47.53029806928316,0.020653798770735587,0.1823431457365946,48.376077015190106
2025-03-28,0.18204054873404663,0.12907783284766516,0.17177051683506495,0.13386341918859168,0.13314032766183237,0.20779546202605564,-0.32704059889706116,-0.3960702764127136,0.1632862503533359,0.19305275185678958,0.18612213771333946,0.0069306141434501145,0.12339254430205027,-0.04269268398739978,-0.048177129545454944,48.738391017536614,-0.06880948087427052,0.11635316436820654,47.70284394913763
2025-03-31,0.10599464766268318,0.06592656572976852,0.11998278972491794,0.11503211356286158,0.11441077294069446,0.49559049934701593,-0.1406755164321618,-0.15160868261239957,0.15109249808391417,0.17351445910850566,0.18250495902171224,-0.008990499913206579,0.18361657623987346,-0.05405622399514942,0.009037465900178399,45.56296402545018,-0.09769146374141968,0.16857464637984174,46.1533128387402
2025-04-01,0.11631999928316894,0.09619309315475855,0.15199615215305418,0.15258450560618098,0.15176039308672484,0.1665459796353907,0.3264513784909129,0.28250723994040294,0.24354967274449463,0.15918929896201864,0.18073226675744908,-0.02154296779543044,0.20024165719928227,-0.05580305899829563,0.036264506323012036,49.11476554757268,-0.07162580073243507,0.18252291751892488,47.00109628178092
2025-04-02,0.13256667273981715,0.10787021759574777,0.1701137505889938,0.15230845199313103,0.1514858302042681,0.09016489175328884,-0.0018091850935535447,-0.0018108236454989944,0.24002507959819935,0.15054120327691525,0.1755191088760173,-0.02497790559910204,0.20017455379420918,-0.06224353299324603,0.019741779253313885,52.97968571491785,-0.043240478425516926,0.18246700771063154,48.785220874952095
2025-04-03,0.11700517014279854,0.06807351896581881,0.13125966263489786,0.10244083301452944,0.10188751486166048,0.38969665438561096,-0.3274120268837778,-0.39662236101897486,0.2721424992817534,0.13124586467305893,0.1689529428022985,-0.03770707812923957,0.2699586974294724,-0.06318614366907904,-0.0145643371282691,36.15343126958291,-0.09647669301928152,0.23898437823258073,46.50984751501205
2025-04-04,0.06483974349401289,0.05294017535182616,0.0785099737882553,0.029158373541997573,0.029000893378919868,0.7934191945467866,-0.7153637598997076,-1.2565432644678602,0.3865865697025019,0.11030485554374012,0.15971117174478397,-0.049406316201043854,0.3870834439336186,-0.025569798436429148,-0.03568136995201532,29.062673936213372,-0.10470504564659411,0.3272033009748468,42.574704098747404
2025-04-07,0.0,0.03414143044454776,0.0,0.018223920264661242,0.01812551637973292,0.8192221526177761,-0.37500216744212944,-0.47000709715915584,0.3959656510548898,0.09094321688410005,0.1535536678222273,-0.06261045093812724,0.4518097745877706,0.03414143044454776,0.018223920264661242,30.477782116941057,-0.09680819329820034,0.37281089858307215,39.557667717045575
2025-04-08,0.085050193096321,0.048017923503904214,0.02918064770459261,0.0,0.0,0.5101196606606287,-1.0,-inf,0.3836318085453956,0.06042631576286386,0.14640489042963623,-0.08597857466677236,0.5205245107928183,0.018837275799311604,-0.085050193096321,24.30467798093497,-0.15258450560618098,0.41905534822424034,34.59565020371803
2025-04-09,0.01301690227504193,0.1505472054051764,0.044412360931044725,0.19842052841178193,0.19734874691851445,0.814437849718102,inf,inf,0.0,0.06964873104659404,0.14839848457015392,-0.07874975352355988,0.6653791023857809,0.10613484447413168,0.18540362613674,51.83104025278743,0.046112076418650894,0.5100527866357625,34.36592111129195
2025-04-10,0.1525813379051213,0.10169127499618469,0.12297566830489437,0.1479456926030105,0.14714656116287061,0.5558922523172971,-0.25438313370490107,-0.2935433947626672,0.0,0.07874970296429025,0.14911088153457536,-0.07036117857028511,0.698618221972118,-0.02128439330870968,-0.004635645302110802,45.2533715093247,0.04550485958848105,0.5298151099478878,36.1859091592403
2025-04-11,0.14563255845905254,0.13389525393095392,0.18224575496463125,0.18715491191732614,0.1861440623887476,0.25466591635433145,0.26502440608073363,0.23509141533782285,0.0,0.11034901063935595,0.14908051226652191,-0.03873150162716596,0.5908675663336271,-0.04835050103367733,0.0415223534582736,47.88913268209477,0.15799653837532857,0.4642795066287365,39.95120090841658
2025-04-14,0.20719354732726614,0.15798283875638086,0.21067810147440458,0.183620481897254,0.18262864992308891,0.1572385674697132,-0.018885050805577785,-0.019065650751807713,0.0,0.14342832296587452,0.14883476050916594,-0.005406437543291426,0.4584708493040145,-0.052695262718023717,-0.02357306543001214,46.60444908880049,0.16539656163259275,0.3773885233614268,43.17653430278847
2025-04-15,0.18414489541735968,0.14353041570352065,0.21041094424748374,0.17213392139381822,0.17120414715898757,0.11367868936007558,-0.06255598713580957,-0.06459824253238837,0.0,0.17785510724463816,0.1494449940424331,0.028410113202205045,0.3791826550439038,-0.06688052854396309,-0.012010974023541454,47.983260610177766,0.17213392139381822,0.321491044748954,47.91225082863703
2025-04-16,0.14577935945186327,0.08969981806429028,0.12404462341187839,0.09415720225224744,0.09364861324753315,0.21492626057781128,-0.4530003064484368,-0.603307036795115,0.26905138252592264,0.15700244201273125,0.14496906615343427,0.01203337585929698,0.25928033721584576,-0.0343448053475881,-0.051622157199615826,42.00454972606722,-0.10426332615953449,0.2305403968490366,45.94695272329299
2025-04-17,0.11191582015907664,0.051526398256229955,0.11811236293717031,0.07300640585948281,0.07261205860028319,0.1969272586347855,-0.22463280436159916,-0.25441856101321586,0.26521688166482255,0.14201458466402572,0.13970620008325466,0.002308384580771067,0.1874873384793434,-0.06658596468094036,-0.038909414299593825,45.02168739544735,-0.07493928674352768,0.17183959453663164,45.900615900517515
2025-04-21,0.05842918457499424,0.0,0.05814763486750851,0.02518222403486603,0.025046180301330656,0.19028274741726214,-0.6550682951940565,-1.0644088386310888,0.2688372054436605,0.1096200470875337,0.13083166628185486,-0.021211619194321157,0.17461070469192955,-0.05814763486750851,-0.03324696054012821,42.98282560202003,-0.1619726878824601,0.16093677754332567,44.91935448450257
2025-04-22,0.06116956933397444,0.017227721664731632,0.08054072753208552,0.06770492936027406,0.06733927575853249,0.16220337003493202,1.6886000722784948,0.9890206389213352,0.9384637867215246,0.08643693658013771,0.12358073388465449,-0.03714379730451678,0.1756036652049733,-0.06331300586735389,0.006535360026299619,43.422069302032305,-0.11591555253697994,0.1617817732891136,44.28287852714893
2025-04-23,0.12321994462481367,0.08331153354145004,0.15087370036082537,0.10950969305467328,0.10891817186460928,0.18472335771848425,0.6174552442399892,0.480854077297579,0.9653912757946713,0.07391209091230873,0.11784570322045736,-0.04393361230814863,0.18981259887665505,-0.06756216681937532,-0.013710251570140386,46.8837966555591,-0.06262422833914494,0.17379581478658696,44.0629857362252
2025-04-24,0.12145833271108453,0.12551710251601866,0.16247122718297113,0.18080399350819043,0.17982743680855506,0.2205429854644681,0.6510318718355195,0.5014004693158756,0.9045622500222535,0.09124144916349733,0.11710845637493446,-0.02586700721143713,0.19093594385398638,-0.03695412466695247,0.059345660797105904,55.53302838756355,0.08664679125594299,0.17473950542886652,46.76868146852447
2025-04-25,0.17675556365308953,0.1449441927991173,0.21276251500312915,0.2059311079389854,0.20481887246176278,0.1513351666436618,0.13897433316182095,0.13012814967366795,0.8534053010352897,0.11782638957939784,0.11745913547019318,0.0003672541092046566,0.18181752545576166,-0.06781832220401185,0.02917554428589586,63.39218774577994,0.13292470207950258,0.1670535292794257,50.44278153859098
2025-04-28,0.20102760694967547,0.14798124871658214,0.22366523731569954,0.20212062430586375,0.2010288971136469,0.10050221377530977,-0.01850368150425641,-0.018677016168485175,0.667429299751613,0.15321406963359738,0.12087199572605681,0.03234207390754057,0.1638614187273712,-0.0756839885991174,0.001093017356188275,64.08391895055877,0.17693840027099772,0.15174328614536736,54.663000208298726
2025-04-29,0.19779783576806964,0.1603392937187036,0.24365342563903658,0.21802522233438903,0.21684758149563743,0.06641113576760138,0.07868864487800753,0.07574608567100055,0.31628485287585756,0.18327812822842038,0.12602165116463318,0.0572564770637872,0.14470297187390507,-0.08331413192033299,0.020227386566319394,66.75721767812041,0.15032029297411498,0.13514519014221255,59.33002988351635
2025-04-30,0.19290427022135148,0.16850810321036214,0.21190738353747207,0.2247625820956145,0.22354859511126968,0.5226951785354045,0.03090174471140905,0.030433899534531857,0.27174465312805574,0.20632870603660863,0.12963055498910486,0.07669815104750377,0.21229733603728912,-0.043399280327109935,0.03185831187426302,52.870392339352115,0.11525288904094122,0.19251718432287288,60.52734902027496
2025-05-01,0.39261066823572954,0.37969303442715807,0.428143757988825,0.3912082485763353,0.38909523553632974,1.0,0.7405399285274024,0.5541953688435665,0.3109618985518587,0.2484095570502376,0.14157554481826504,0.10683401223197256,0.3681887389443955,-0.04845072356166691,-0.0014024196593942495,71.159562123148,0.21040425506814486,0.3134877767483951,63.65265576739184
2025-05-02,0.3956936384245251,0.39252233846114537,0.4553469855351815,0.4457697901621773,0.4433621274509143,0.40157565590393174,0.13946930256302004,0.13056262994890902,0.31094003214940086,0.29637729349487596,0.15874199267564743,0.13763530081922853,0.41823683679644946,-0.06282464707403612,0.05007615173765223,71.90978541181867,0.23983868222319193,0.34941443588159105,65.35617530059959
2025-05-05,0.4012233913866796,0.3928365111490555,0.4666771920307555,0.45068482530929677,0.4482505222572257,0.17602964441565888,0.011025949392692747,0.010965606764027934,0.3061327971743417,0.3460901336955626,0.1798183152640124,0.16627181843155017,0.43334232292451935,-0.07384068088170004,0.04946143392261715,72.57281753928439,0.24856420100343302,0.3600090058195435,67.05395501834472
2025-05-06,0.3979447861006491,0.3835680972497104,0.4616535597069493,0.43489061501981086,0.4325416630282186,0.06917596593865138,-0.035044912547580576,-0.03567372022632385,0.32126321722346435,0.38946321223264696,0.20065165000176988,0.18881156223087708,0.43389528895872925,-0.07808546245723891,0.03694582891916176,72.04817532410412,0.21686539268542182,0.3603947192593881,68.11214654754147
2025-05-07,0.4059701559405864,0.38561021972112774,0.4613327426951339,0.4351115590287904,0.43276148126255265,0.24311606128494528,0.000508045014881553,0.0005079160037067867,0.324993529031202,0.43153300761928215,0.22240722795320939,0.20912577966607276,0.3779794655086374,-0.07572252297400617,0.02914140308820401,82.9034298920565,0.2103489769331759,0.32061827081761846,74.11875405808233
2025-05-08,0.4259848211058912,0.41467247177679356,0.4856500850320029,0.4617296663256729,0.45923572440939564,0.24727817121985923,0.06117536237441401,0.05937712625205314,0.06758108839270867,0.44563729116914963,0.23557268484890392,0.2100646063202457,0.22743509975260928,-0.07097761325520935,0.03574484521978172,87.12159642789081,0.07052141774933762,0.20492670739680288,77.31116091903091
2025-05-09,0.4361145376291413,0.39932962643652914,0.4868258704098256,0.464822208327786,0.46231166833475523,0.07384772198804457,0.006697732954269009,0.006675402793089937,0.03443711515428893,0.4494477748022714,0.2514165106351427,0.19803126416712868,0.16188951296943185,-0.08749624397329647,0.02870767069864466,95.90587456864156,0.019052418165608653,0.15004757040592587,82.11037875039548
2025-05-12,0.46518232892382794,0.44451999574924006,0.5076691901988202,0.5229732895377706,0.5201485494347531,0.23306329167684192,0.12510392181816155,0.11787540633955747,0.062542033157523,0.46390546764796614,0.26820742951616494,0.1956980381318012,0.1732962424216685,-0.06314919444958011,0.05779096061394262,96.03527276990691,0.07228846422847379,0.15981708886979806,86.80286979651997
2025-05-13,0.4741864716090165,0.4513274435276191,0.5374911457277434,0.5223106260417318,0.5194895985168566,0.2499856662030303,-0.001267107726714678,-0.001267911186495341,0.05488759220658366,0.4813894698523503,0.28514193672338883,0.19624753312896148,0.20945818247454423,-0.08616370220012426,0.04812415443271534,95.52928221817247,0.08742001102192098,0.1901724762449795,91.49909117533366
2025-05-14,0.47594823286251464,0.4682409925044406,0.5523488714564357,0.5432957565604872,0.5403612475062638,0.1710754594778251,0.04017749107995128,0.039391363091705406,0.05074386389502264,0.5030263093586897,0.3037000284817223,0.19932628087696747,0.19505006211312023,-0.08410787895199512,0.06734752369797259,94.97120945383678,0.10818419753169684,0.17818807748767804,93.9126470876897
2025-05-15,0.4888181848049771,0.48023244943633525,0.5645875430032619,0.5443450299395143,0.5459740852941768,0.21544652431967554,0.0019313115671468761,0.0019294489827304958,0.05327821308523028,0.519549382081458,0.3262094198660856,0.19333996221537236,0.18868373273308348,-0.08435509356692661,0.055526845134537206,94.65168747200954,0.08261536361384136,0.17284658798868852,95.41866529651347
2025-05-16,0.49508194273118566,0.4706497030460848,0.5555020769924948,0.5506405016827811,0.5522470494985656,0.2548910100548931,0.01156522315261399,0.01149885716086558,0.05268370787283765,0.536713040752457,0.35009112465725056,0.1866219160952064,0.2248923903464532,-0.08485237394640999,0.05555855895159545,95.68552096376673,0.08581829335499513,0.20285299552298594,95.37459457553848
2025-05-19,0.48935655467179573,0.49803626089756525,0.5665649631614977,0.576043669726626,0.5775593962639296,0.20152044424152982,0.04613385315139684,0.04510132413962929,0.022020424554860488,0.547327116790228,0.37763419694183853,0.16969291984838952,0.2185838208593908,-0.06852870226393248,0.08668711505483029,95.79035085941946,0.05307038018885546,0.1976893819177535,95.32561019344101
2025-05-20,0.5124052065817024,0.4914907302277749,0.5853775292066623,0.572178076489434,0.5737076232762153,0.07634498794899292,-0.006710590603359212,-0.006733207856687365,0.023407576517651685,0.5573006068797686,0.40285785429829657,0.154442752581472,0.1838556852085833,-0.09388679897888741,0.05977286990773156,94.76306638518852,0.04986745044770213,0.16877664154017924,95.1723670268442
2025-05-21,0.507413823486367,0.48855834527194864,0.5719629091823637,0.5412524879374012,0.5428925997326584,0.1565101982311033,-0.054048887615154584,-0.05556438950574616,0.0361658542938406,0.5568919531551513,0.4244449940424329,0.13244695911271837,0.1809426329592389,-0.08340456391041506,0.03383866445103423,79.7069832717265,-0.002043268623086014,0.16631296106441465,92.11952179042216
2025-05-22,0.5092734022884826,0.5014923202675741,0.5831327887218549,0.5538987095589043,0.5554936086462958,0.13121263922363907,0.02336473624295965,0.023095959342534344,0.03772220424711771,0.5588026890790293,0.4430997298449686,0.11570295923406071,0.16409585594003165,-0.08164046845428086,0.04462530727042169,75.66858248431113,0.00955367961939002,0.15194469638257746,88.32290079288246
2025-05-23,0.48495237554770365,0.46714138809675454,0.5564640387289908,0.5280538220280002,0.529741121627159,0.1069598547508574,-0.046659952595819565,-0.04778362112949059,0.04338810527789838,0.5542853531480731,0.4592058655494194,0.09507948759865376,0.1345096248792245,-0.08932265063223621,0.04310144648029657,66.70640578589935,-0.022586679654780895,0.12620050900893345,82.527077757309
2025-05-27,0.5167605516013702,0.5051578813638549,0.5949974727709213,0.5860945154989445,0.5875743083030507,0.19382903496384696,0.10991435162430596,0.10428285164837944,0.0664018009451582,0.5562955223025369,0.47840456010907345,0.07789096219346342,0.13297134302368793,-0.08983959140706643,0.06933396389757429,77.6119696965968,0.010050845772318517,0.12484368871954199,78.89140152474445
2025-05-28,0.5399560045040872,0.5133789464348348,0.599326463684803,0.5677047608293746,0.5692503005917793,0.11126636441820714,-0.03137677317098708,-0.0318795695059568,0.0683917503061023,0.555400859170525,0.49588853703382274,0.05951232213670221,0.13995561831753078,-0.08594751724996819,0.027748756325287394,72.70663450399243,-0.004473315660059374,0.13098933034814975,74.48011514850525
2025-05-29,0.5415708154250061,0.5091898707273672,0.5906684818570396,0.574994396347599,0.5765138742418037,0.04519286920144827,0.012840539698090181,0.012758798954737098,0.061291418281515624,0.5621492408525646,0.513400127746422,0.048749113106142605,0.11769215251159978,-0.08147861112967236,0.0334235809225929,70.77171759629869,0.03374190841019775,0.1112659812803696,72.69306201341968
2025-05-30,0.5326156561840103,0.5089803690010957,0.5918977639201066,0.5842720223539386,0.5857583309263599,0.48679485682129475,0.016135158995064458,0.016006370815470138,0.06108890070548925,0.5682239034115714,0.5230533164353021,0.0451705869762693,0.1888085960311309,-0.08291739491901096,0.0516563661699283,71.42007488870965,0.030373312795034302,0.17295162580239806,71.84336049429939
2025-06-02,0.5199903227829765,0.5112319931987845,0.5991128031431261,0.5931632070081889,0.5946177278620031,0.10150239427497532,0.015217543052000293,0.015102917658807844,0.051744304455590265,0.5812457804076091,0.5304229872776026,0.05082279313000648,0.18771710393595448,-0.08788080994434155,0.0731728842252124,65.28746517492378,0.0651093849801887,0.1720330645834408,71.55957237210427
2025-06-03,0.5411793958907667,0.5218620884173988,0.6203301104298804,0.5986856275163772,0.6001204046401964,0.0827580348895236,0.009310119783124238,0.009267047748747695,0.020186997514534177,0.5837640028110956,0.5378230273879567,0.04594097542313891,0.1655029039210898,-0.09846802201248162,0.05750623162561053,66.28974386071621,0.012591112017432682,0.15315267105735744,69.29512720492815
2025-06-04,0.5535601107503727,0.5299784825267411,0.6318741405667812,0.6036557722675666,0.605072780154897,0.04918297357272544,0.008301760594801477,0.008267490517661786,0.0034792013197675314,0.5909542050987341,0.5462612852503445,0.044692919848389634,0.1530862257519935,-0.10189565804004008,0.05009566151719391,63.81794696498542,0.035951011438192015,0.14244202231728492,67.51738969712675
2025-06-05,0.5582578918600867,0.5507146789437978,0.6372720865876471,0.6246961809212914,0.626037965245545,0.17593620929467102,0.03485497798635939,0.03426129901232865,0.01069158875711011,0.6008945620134726,0.5557405163449695,0.04515404566850312,0.179234893770638,-0.08655740764384934,0.06643828906120475,66.85197307496017,0.049701784573692454,0.16486583306892605,66.73344079285906
2025-06-06,0.5833619070091125,0.5700370982652583,0.6626582209318506,0.6396067837057586,0.6408952597180146,0.07302804115392375,0.023868567216910552,0.023588166052215392,0.011128341680109108,0.6119615142838366,0.5646343722139738,0.04732714206986277,0.09648153063716383,-0.09262112266659228,0.05624487669664613,68.00806160551221,0.05533476135182003,0.09210644480979013,66.05103813621956
2025-06-09,0.5814534941025726,0.5705083572971241,0.661803089466193,0.6526948933452204,0.6539365768137944,0.09817695337799814,0.0204627436307534,0.020256194645185164,0.011010475865154952,0.6238678515512428,0.5740280064648455,0.04983984508639727,0.0958164424577684,-0.09129473216906892,0.07124139924264772,66.32941750919125,0.05953168633703143,0.0914996949902292,66.25942860307305
2025-06-10,0.5887448589784563,0.5672093842710706,0.6529312839971029,0.6425889379688319,0.6438667521981825,0.07494558465965195,-0.01548342951573134,-0.015604549674091158,0.019203024690737855,0.6326485136417338,0.5800087888863985,0.05263972475533529,0.09425395241179406,-0.08572189972603228,0.05384407899037558,64.61150420936895,0.04390331045245466,0.09007280906479274,65.92378067280359
2025-06-11,0.5830193215792978,0.5811907080950602,0.6673613624431414,0.6519769517142122,0.6532212019640902,0.09667562086576137,0.014609672203594215,0.0145039791264942,0.018907078443720176,0.6423127495310629,0.5864921051700226,0.055820644361040284,0.10375248187040124,-0.08617065434808113,0.0689576301349144,75.23281858738804,0.0483211794466456,0.09871572151370961,68.20675499728411
2025-06-12,0.6074871493128875,0.6071110734686278,0.6879908585908092,0.6864920798903875,0.6876129318277995,0.15085524988586052,0.05293918456078295,0.05158547703078822,0.02442182695966137,0.6546719293248822,0.5936519213365176,0.0610200079883646,0.09873628998863915,-0.08087978512218141,0.07900493057750002,77.47769332105835,0.0617958989690961,0.09416069211336142,70.33189904650376
2025-06-13,0.6142892771059147,0.6006177983781598,0.683929188003499,0.6648993954796643,0.6660974454736586,0.1054946221717295,-0.03145365408173528,-0.03195894398289485,0.032887571434301925,0.6597304516796633,0.5996796396135251,0.06005081206613816,0.1052296061922003,-0.08331138962533924,0.05061011837374951,78.86765031075726,0.025292611773905627,0.10005310179392564,72.50381678755276
2025-06-16,0.6084169387139455,0.6085248505642245,0.6959007023234034,0.6879832412873741,0.6890987620320677,0.08025864540309824,0.03471780236926958,0.03412873482459602,0.03477830553688791,0.666788121268094,0.6065467765937547,0.06024134467433928,0.10164594459722032,-0.08737585175917895,0.07956630257342856,75.211804680971,0.03528834794215374,0.09680537471329746,74.28029422190872
2025-06-17,0.6093467281150036,0.5983137587981533,0.6909837371707854,0.6819085450221873,0.683045783990381,0.07575677139186476,-0.008829715464899413,-0.008868928399178206,0.03361635085002635,0.6746520426787651,0.6118400203585328,0.06281202232023231,0.10180818194366288,-0.09266997837263213,0.07256181690718377,80.09315140033519,0.039319607053355465,0.09695263200790731,77.37662366010197
2025-06-18,0.6220700284044238,0.6101481293860926,0.6930146540142657,0.6940577690216614,0.6951515721453854,0.12061412356794754,0.01781650059698081,0.01765964706415373,0.033699616802939446,0.6830682061402549,0.6179340049851442,0.0651342011551107,0.1065958824841001,-0.08286652462817301,0.07198774061723756,80.59024337861894,0.04208081730744917,0.10128853060390343,78.44810861834814
2025-06-20,0.6427698644293576,0.6230296889994014,0.7058947964850724,0.6783741150021152,0.6795239902467203,0.546374611129397,-0.022597044107227182,-0.022856269910044993,0.02774557499075646,0.6814446131626004,0.62479008633838,0.05665452682422045,0.1856997547328074,-0.082865107485671,0.03560425057275762,73.40660906892029,-0.008117964888272322,0.17033311062752501,77.63389176792053
2025-06-23,0.6230976353540993,0.6454939950029601,0.6825930756695935,0.7258669650787124,0.7268470441248582,0.2764278054425958,0.07000982057879535,0.06766782654271988,0.03657951594283949,0.6936381270824101,0.6333884991143703,0.06024962796803979,0.21988639138698068,-0.037099080666633366,0.10276932972461306,77.6907208663929,0.060967569599048144,0.19875773259510957,77.39850587904766
2025-06-24,0.6756546308768934,0.6669633675604714,0.7589651392438803,0.748564032472534,0.7494629650776163,0.22209952963910684,0.031268908058600386,0.03078999358579568,0.03622149032399776,0.7057542853194421,0.644414009636597,0.06134027568284506,0.2482545682341824,-0.09200177168340895,0.07290940159564063,79.18279778776949,0.06058079118515991,0.22174623010282607,78.19270450040736
2025-06-25,0.6907757304954794,0.6811540333077382,0.7728074065508324,0.760492480993928,0.7613487670699186,0.11994733656817047,0.015935107758241918,0.01580947679980359,0.0332898343117508,0.7214710725137902,0.6531339079113462,0.06833716460244399,0.2570926812694435,-0.0916533732430942,0.06971675049844861,79.73199982875389,0.07858393597174063,0.22880165900573848,78.12047418609112
2025-06-26,0.6953756940565758,0.6993768482215126,0.7910853319428548,0.7890987473098261,0.7898527604065211,0.20666786999777031,0.03761544923956528,0.0369252433074443,0.03376952224971221,0.7404792681714232,0.6642036072353688,0.07627566093605442,0.27430343055540807,-0.09170848372134222,0.09372305325325025,80.2971876374316,0.09504097828816471,0.24239970034218622,78.06186303785363
2025-06-27,0.7177391751068527,0.7059746344706248,0.7922611173206775,0.7807598384125742,0.7815436647343712,0.4818831423930009,-0.01056763671933414,-0.010623870716752162,0.029569238854173206,0.7609564128535149,0.6744918793386174,0.08646453351489747,0.2614051368081289,-0.08628648285005269,0.06302066330572154,76.65831899970593,0.10238572341045904,0.2322262875461847,78.71220502401076
2025-06-30,0.715243558229069,0.7136199293510956,0.8045532855527471,0.7888778033008461,0.78963260631545,0.3508573734113375,0.010397518531149341,0.010343836123920808,0.01892931089826569,0.7735585804979417,0.684722168385963,0.08883641211197868,0.27629105040187724,-0.09093335620165144,0.07363424507177707,76.21173382500533,0.06301083822213371,0.24395825483891348,78.41640761573325
2025-07-01,0.7124541900258954,0.6994291038008345,0.781305061422513,0.7592775417408908,0.7601381714615814,0.17198008133102577,-0.03752198558015074,-0.03824405524227947,0.028487867208294604,0.7757012823516131,0.6930278851225979,0.08267339722901512,0.266267160740261,-0.08187595762167854,0.04682335171499541,70.89179212336897,0.010713509268356791,0.23607332889979063,76.75820648285314
2025-07-02,0.6807438315208463,0.6756034360839953,0.7691197234612814,0.753976065241682,0.7548556487744587,0.0949852945860718,-0.006982264333873722,-0.007006754405501683,0.027755139654374834,0.7743979992011638,0.7007924070088631,0.07360559219230067,0.26127475234384123,-0.09351628737728612,0.07323223372083576,68.53299576012465,-0.00651641575224593,0.2321229177409514,74.5184056691273
2025-07-03,0.6994372877508532,0.7103209563250426,0.7944523611202405,0.7967748241801393,0.797501393805458,0.04540522174914796,0.05676408166184754,0.0552114858189389,0.034890412317229225,0.7759332145752265,0.7104483596044918,0.06548485497073464,0.22902222269411682,-0.08413140479519798,0.09733753642928611,69.4525450019412,0.007676076870313242,0.20621891235216835,72.34947714202922
2025-07-07,0.7169073525941811,0.7030946648971148,0.8040189710989054,0.7905897401759128,0.7913384226824207,0.04533726893388407,-0.007762649893702234,-0.007792936096324597,0.0346511510958974,0.7778991949278942,0.7187430375672229,0.05915615736067126,0.1417130480022934,-0.1009243062017906,0.07368238758173162,73.44457298058555,0.009829901763338533,0.13252980820827617,71.70672793820515
2025-07-08,0.7162221817345513,0.7002146953236053,0.7980330508393028,0.784515043910726,0.785285444640734,0.0,-0.007683752971338942,-0.007713425094436053,0.034626869371985496,0.7770266430498702,0.7259884505774713,0.051038192472398936,0.07154157332002592,-0.09781835551569751,0.0682928621761747,69.22566214251293,-0.004362759390120097,0.06909833435757165,70.30951360170666
2025-07-09,0.731196480360327,0.7451431475277275,0.828122326694797,0.8225646021069735,0.823198968248104,0.1446736672223225,0.04850073748308814,0.04736127472924987,0.033053621956590284,0.7896840551230867,0.734481936015559,0.0552021191075277,0.06608029049828526,-0.08297917916706954,0.09136812174664644,74.84876688216538,0.06328706036608267,0.06398864232406594,71.10090855346593
2025-07-10,0.7446537856138014,0.7328899332902399,0.8174869247087981,0.8113540952165876,0.8120285411055059,0.09864837603389148,-0.013628725162340372,-0.013722448766840553,0.03434584996563071,0.8011596611180678,0.7429201938779467,0.05823946724012108,0.06681290678784921,-0.08459699141855825,0.06670030960278628,70.79091714556962,0.0573780299749056,0.06467561185381807,71.55249283055494
2025-07-11,0.7222413211193313,0.7359794045900214,0.8177540819357194,0.821515328727946,0.8221534462259781,0.0979561067283905,0.012523796417944766,0.012446022357381731,0.025544348928057892,0.8061077620276291,0.7513971127286334,0.05471064929899572,0.0773230837836977,-0.08177467734569799,0.09927400760861471,75.87858305459471,0.02474050454780663,0.07447933813084567,72.83770044108564
2025-07-14,0.7371666363009137,0.7304288073662786,0.8350167120056513,0.8198585014569497,0.8205025424354986,0.0045061210621874515,-0.002016794103600894,-0.0020188305713805367,0.02486880641724547,0.8119615142838367,0.7580654338069616,0.05389608047687511,0.06915685420935838,-0.10458790463937273,0.08269186515603599,70.36855510650098,0.029268761281036948,0.06687035112886384,72.22249686626873
2025-07-15,0.7445069846209906,0.7531024552931149,0.8444229950282334,0.8353213799984163,0.835910138171462,0.06541732584436682,0.018860423492575773,0.018684770857394842,0.023608002421088792,0.8221227815013746,0.7665865330328991,0.05553624846847549,0.08224031937823176,-0.09132053973511844,0.09081439537742564,69.40942174336644,0.05080633608769025,0.07903326239648822,72.25924878643943
2025-07-16,0.7550771041226738,0.7448289748398174,0.8396130232461041,0.8342168284844185,0.8348095356444754,0.07024197572810381,-0.0013223072465832209,-0.0013231822662587009,0.012870049298448682,0.8244532267768637,0.7738982123927514,0.05055501438411236,0.06735398107938802,-0.09478404840628674,0.07913972436174466,67.33312253991795,0.011652226377445007,0.06518267089049204,70.75611991798993
2025-07-17,0.7575238868960328,0.7796511660425027,0.8595477148841968,0.867793239551506,0.8682659044957783,0.12011721860633023,0.04024902150210541,0.03946012824322575,0.017360463879543972,0.8357410556438474,0.7831924471192173,0.05254860852463006,0.07164774959387576,-0.07989654884169406,0.11026935265547322,68.079124044634,0.05643914433491837,0.06919741685373901,70.2137612978028
2025-07-18,0.8005872039712429,0.7863015274769265,0.8692211551337006,0.8586811108882761,0.8591863534690645,0.19882781393669768,-0.010500345298770974,-0.01055586290245875,0.020505474649812276,0.8431742120759133,0.7914236142125481,0.05175059786336511,0.0918220910355372,-0.08291962765677408,0.0580939069170332,67.83811144942268,0.037165782160330174,0.08784794375263293,68.6056669767684
2025-07-21,0.7625642534355614,0.7729487088317519,0.8591735642867877,0.8587363890232456,0.8592414339739238,0.04714651264028541,6.437562707328759e-05,6.43735550515317e-05,0.020244027357630225,0.8509497895891724,0.8004417279136046,0.05050806167556787,0.10035016935115679,-0.08622485545503578,0.09617213558768412,66.60534861157066,0.03887788756629584,0.09562846492002192,67.85302567778234
2025-07-22,0.7834108904533059,0.7682882142894241,0.8576771249967994,0.8322839476003727,0.8328835651864339,0.04293768514487756,-0.0308039134721666,-0.03128832788548203,0.025883414376227733,0.8503423031095638,0.8057625770396875,0.04457972606987637,0.09585424121125893,-0.08938891070737531,0.0488730571470668,67.61722025703969,-0.003037432398043549,0.09153418808609066,67.49458538051701
2025-07-23,0.7627600378725654,0.7451955629100442,0.8332531154887426,0.8355974336114658,0.8361852048390239,0.0966204092033594,0.00398119658638918,0.003973292594544544,0.025947965808210016,0.8506184241349732,0.810114247096634,0.040504177038339195,0.10112992790631006,-0.0880575525786984,0.07283739573890036,69.88690631151624,0.0013806051270472963,0.09633685977558572,68.00534213483665
2025-07-24,0.7726449865146188,0.7812220294820542,0.8685263506241259,0.8632648142873758,0.8637536692348511,0.0904706794219764,0.0331108971413796,0.03257453882012984,0.023280265704961257,0.8497127390821472,0.8152528637613067,0.034459875320840494,0.09520062006943929,-0.08730432114207165,0.09061982777275701,67.48977505565745,-0.00452842526413022,0.0909375611619923,67.88747233704134
2025-07-25,0.7907510894336138,0.8054142852691202,0.8848803525431559,0.8788933587028516,0.8793263385570249,0.15457354299608211,0.01810399793529993,0.01794207198245223,0.023818043588317937,0.8537551886450622,0.8197425943309578,0.034012594314104416,0.08634976588131618,-0.07946606727403571,0.08814226926923774,72.12835740464016,0.020212247814575424,0.08282323768964647,68.74552152808484
2025-07-28,0.7986299569602784,0.7881865636043885,0.8835977368944947,0.8722111085456965,0.8726679787469855,0.05226845609080194,-0.0076030272512439545,-0.007632077603690204,0.02444508216255997,0.8564501325495524,0.8243151578376139,0.03213497471193849,0.08737415457141948,-0.09541117329010618,0.07358115158541811,71.909394215498,0.01347471952245094,0.08376575735030703,69.80633064887031
2025-07-29,0.8057256867389271,0.8019059703197895,0.8912937569857622,0.8725977184286853,0.8730532064242675,0.0981620886996592,0.00044325264743916293,0.0004431544400038308,0.016096902823037603,0.8645128867152149,0.8285011535940059,0.03601173312120898,0.0984190352823758,-0.08938778666597269,0.0668720316897582,65.39759761005745,0.040313770828312556,0.09387190533090757,69.36240611947385
2025-07-30,0.80396377614566,0.793161230834627,0.8799635504901882,0.8762976457918676,0.876739905825771,0.30862894577577693,0.004240129540843851,0.004231165521717266,0.016074678929818724,0.8726529291512953,0.8343521587965548,0.038300770354740554,0.14082074259685934,-0.08680231965556118,0.0723338696462077,70.95494711656077,0.040700212180401873,0.131747953013348,69.57601428048277
2025-07-31,0.9999999999999998,1.0,1.0,0.9881819392176459,0.9882241910890488,0.8445409468800102,0.12767841379360756,0.12016101827419975,0.056177306950893145,0.8976363541373494,0.8460624524953528,0.0515739016419966,0.2916347960884661,0.0,-0.011818060782353923,82.46545445950302,0.12491712493027007,0.25590869983676623,72.57115016125188
2025-08-01,0.9010032645673476,0.8971041300285005,0.940997070567184,0.9363263297509281,0.9365539755361953,0.3637811494643407,-0.0524757713217997,-0.0539027711881648,0.06724302710431061,0.9091229483469647,0.8530400277738923,0.0560829205730724,0.3334763173821178,-0.04389294053868342,0.035323065183580526,68.97600832105465,0.05743297104807654,0.28778930473878206,71.94068034453478
2025-08-04,0.868069664015388,0.9099334340624878,0.9798513216209299,1.0,1.0,0.28672690400603085,0.06800371646711012,0.06579122037006656,0.06950519664619963,0.9346807266378253,0.8635105407650967,0.07117018587272861,0.38036800696516354,-0.06991788755844208,0.131930335984612,73.1881244696219,0.1277888914543035,0.3223501353324186,72.19642639535955
2025-08-05,0.9116712016176483,0.904958766832249,0.9750946834243948,0.9564280212955647,0.9565837996144362,0.1555482411900237,-0.0435719787044353,-0.044549745107420886,0.0765481917626717,0.9514467872112012,0.8721061896343387,0.07934059757686251,0.3918452374632365,-0.0701359165921458,0.04475681967791645,65.37015668676298,0.08383030286687942,0.3306303757479684,72.19093821070066
2025-08-06,0.880939765297619,0.8756349172739846,0.9579392098246013,0.9409100331500277,0.941121291301982,0.20192816113311318,-0.016224940926047426,-0.016358006564584585,0.07818300406919174,0.9643692646828332,0.8780234611864912,0.08634580349634202,0.37050508053470377,-0.08230429255061678,0.059970267852408776,59.63326586204407,0.0646123873581601,0.31517934382038015,69.92660195979732
2025-08-07,0.8608759673483528,0.8567315014050676,0.923306956314248,0.9182682438911764,0.9185604508540837,0.08987821581389421,-0.024063713278781762,-0.024357974698628222,0.04791964398549161,0.9503865256175394,0.8833691686202207,0.0670173569973187,0.21957253432148055,-0.06657545490918038,0.05739227654282364,57.580457458550256,-0.0699136953264694,0.19850041564344928,64.94960255960676
2025-08-08,0.8403229323162298,0.8387702839938922,0.9332475537906726,0.9248948788515632,0.9251633943025261,0.07823917267447417,0.007216447921912561,0.007190533958101547,0.04301883124788567,0.9481002354376663,0.8885381461264016,0.05956208931126472,0.16246413896350725,-0.0944772697967804,0.0845719465353334,58.2780353710144,-0.011431450899364926,0.15054200980012414,62.81000796959872
2025-08-11,0.8388549223881221,0.8541132891371515,0.9349043200367433,0.9234040545163755,0.923677899954995,0.1772676597687481,-0.0016118851658458722,-0.001613185650415544,0.019816035957466643,0.9327810463409415,0.893715423779373,0.039065622561568536,0.1405722901160507,-0.08079103089959183,0.08454913212825343,62.16099012992018,-0.07659594548362447,0.13153014531583312,60.60458110165838
2025-08-12,0.8459506521667708,0.8718645254130708,0.9508310008724203,0.9646563739228768,0.9647827342768669,0.1448329316330973,0.04467418050065519,0.04370504780589181,0.026799292559540146,0.934426716866404,0.900182173475596,0.03424454339080796,0.13842922820466538,-0.07896647545934954,0.11870572175610605,65.6404814190293,0.008228352627312141,0.12964944227475766,60.65864604811164
2025-08-13,0.8868607884542439,0.8808713418098169,0.9330338932489957,0.9168323606291597,0.9171297011546753,0.16505314122506187,-0.049576216553917196,-0.05084730601716848,0.03527808184524737,0.9296111823622304,0.9043129500828331,0.025298232279397315,0.13105422422305515,-0.052162551439178806,0.02997157217491586,56.18939610499366,-0.02407767252086801,0.12315013959485367,59.96987209670156
2025-08-14,0.8401272972189948,0.8455254761929494,0.9371492236212005,0.927324757357638,0.9275845855192006,0.17885393330006477,0.011444182359878763,0.01137919306780715,0.03394745847364518,0.9314224850555227,0.9072895259731396,0.02413295908238311,0.14884936772028926,-0.09162374742825108,0.08719746013864316,55.66316230901357,0.009056513466461524,0.13876089168262085,59.586413066794215
2025-08-15,0.8411550535084389,0.8463107481097301,0.9314841203734137,0.9145679794661952,0.9148734155958436,0.283845279933746,-0.013756537599397767,-0.013852035588659798,0.03449932184253517,0.9293571051784489,0.9100838694020356,0.019273235776413378,0.18997058917214363,-0.0851733722636836,0.07341292595775628,54.883482702526656,-0.010326899385368016,0.17392859183662598,58.90750253309668
2025-08-18,0.8353806820048566,0.8291354418273151,0.9044412197831395,0.897614108058642,0.897980157583981,0.2529968253294119,-0.01853757379243548,-0.018711548008009456,0.035301572871389866,0.9241991158869023,0.9120277553538054,0.012171360533096864,0.20511642228427637,-0.07530577795582438,0.062233426053785346,52.77810426079048,-0.02578994645773358,0.18657617827914164,57.03092535927074
2025-08-19,0.8031319536329884,0.7890242509034859,0.875206912293653,0.8571348398872192,0.8576456106883046,0.2045889385557903,-0.045096515092628464,-0.04614500653282652,0.02493117112157393,0.9026948090797708,0.9132702999681479,-0.01057549088837706,0.217067623668815,-0.08618266139016706,0.054002886254230775,48.03265272224251,-0.10752153403565767,0.19644437833579306,53.50935961991337
2025-08-20,0.7780279384839621,0.7672408654610594,0.8532413038120796,0.8347691042414174,0.8353598369079687,0.3371393988299375,-0.02609360231902913,-0.026440080901155228,0.0205192044456838,0.8862821578022224,0.9132288834996454,-0.026946725697422957,0.2514848751897901,-0.08600043835102023,0.05674116575745525,30.702927752704426,-0.08206325638774237,0.2243307464709104,48.41206594945553
2025-08-21,0.7477857392467901,0.7495941403437842,0.8440488444308238,0.8265958612181752,0.8272158148220292,0.13955384729728293,-0.009791022429692653,-0.009839269674678668,0.013937927896103762,0.8661363785743298,0.9113954358461852,-0.04525905727185542,0.24362485798923378,-0.0944547040870396,0.07881012197138504,34.4934839766795,-0.10072889613946279,0.21803038773639316,44.17813028298872
